nom_plante,numero_etape,titre_etape,description_etape
Tomate,1,Préparer le sol,Choisir un sol riche et bien drainé pour une croissance optimale.
Tomate,2,Planter la graine,Planter la graine à une profondeur adaptée et arroser légèrement.
Tomate,3,Arroser régulièrement,Maintenir une humidité constante sans excès d’eau.
Tomate,4,Apporter de la lumière,"Placer la plante dans un endroit bien éclairé, sans soleil direct excessif."
Tomate,5,Entretenir et fertiliser,Ajouter de l’engrais naturel et retirer les feuilles mortes.
Basilic,1,Préparer le sol,Choisir un sol riche et bien drainé pour une croissance optimale.
Basilic,2,Planter la graine,Planter la graine à une profondeur adaptée et arroser légèrement.
Basilic,3,Arroser régulièrement,Maintenir une humidité constante sans excès d’eau.
Basilic,4,Apporter de la lumière,"Placer la plante dans un endroit bien éclairé, sans soleil direct excessif."
Basilic,5,Entretenir et fertiliser,Ajouter de l’engrais naturel et retirer les feuilles mortes.
Menthe,1,Préparer le sol,Choisir un sol riche et bien drainé pour une croissance optimale.
Menthe,2,Planter la graine,Planter la graine à une profondeur adaptée et arroser légèrement.
Menthe,3,Arroser régulièrement,Maintenir une humidité constante sans excès d’eau.
Menthe,4,Apporter de la lumière,"Placer la plante dans un endroit bien éclairé, sans soleil direct excessif."
Menthe,5,Entretenir et fertiliser,Ajouter de l’engrais naturel et retirer les feuilles mortes.
Romarin,1,Préparer le sol,Choisir un sol riche et bien drainé pour une croissance optimale.
Romarin,2,Planter la graine,Planter la graine à une profondeur adaptée et arroser légèrement.
Romarin,3,Arroser régulièrement,Maintenir une humidité constante sans excès d’eau.
Romarin,4,Apporter de la lumière,"Placer la plante dans un endroit bien éclairé, sans soleil direct excessif."
Romarin,5,Entretenir et fertiliser,Ajouter de l’engrais naturel et retirer les feuilles mortes.
Lavande,1,Préparer le sol,Choisir un sol riche et bien drainé pour une croissance optimale.
Lavande,2,Planter la graine,Planter la graine à une profondeur adaptée et arroser légèrement.
Lavande,3,Arroser régulièrement,Maintenir une humidité constante sans excès d’eau.
Lavande,4,Apporter de la lumière,"Placer la plante dans un endroit bien éclairé, sans soleil direct excessif."
Lavande,5,Entretenir et fertiliser,Ajouter de l’engrais naturel et retirer les feuilles mortes.
Citronnier,1,Préparer le sol,Choisir un sol riche et bien drainé pour une croissance optimale.
Citronnier,2,Planter la graine,Planter la graine à une profondeur adaptée et arroser légèrement.
Citronnier,3,Arroser régulièrement,Maintenir une humidité constante sans excès d’eau.
Citronnier,4,Apporter de la lumière,"Placer la plante dans un endroit bien éclairé, sans soleil direct excessif."
Citronnier,5,Entretenir et fertiliser,Ajouter de l’engrais naturel et retirer les feuilles mortes.
Olivier,1,Préparer le sol,Choisir un sol riche et bien drainé pour une croissance optimale.
Olivier,2,Planter la graine,Planter la graine à une profondeur adaptée et arroser légèrement.
Olivier,3,Arroser régulièrement,Maintenir une humidité constante sans excès d’eau.
Olivier,4,Apporter de la lumière,"Placer la plante dans un endroit bien éclairé, sans soleil direct excessif."
Olivier,5,Entretenir et fertiliser,Ajouter de l’engrais naturel et retirer les feuilles mortes.
Figuier,1,Préparer le sol,Choisir un sol riche et bien drainé pour une croissance optimale.
Figuier,2,Planter la graine,Planter la graine à une profondeur adaptée et arroser légèrement.
Figuier,3,Arroser régulièrement,Maintenir une humidité constante sans excès d’eau.
Figuier,4,Apporter de la lumière,"Placer la plante dans un endroit bien éclairé, sans soleil direct excessif."
Figuier,5,Entretenir et fertiliser,Ajouter de l’engrais naturel et retirer les feuilles mortes.
Orchidée,1,Préparer le sol,Choisir un sol riche et bien drainé pour une croissance optimale.
Orchidée,2,Planter la graine,Planter la graine à une profondeur adaptée et arroser légèrement.
Orchidée,3,Arroser régulièrement,Maintenir une humidité constante sans excès d’eau.
Orchidée,4,Apporter de la lumière,"Placer la plante dans un endroit bien éclairé, sans soleil direct excessif."
Orchidée,5,Entretenir et fertiliser,Ajouter de l’engrais naturel et retirer les feuilles mortes.
Aloe Vera,1,Préparer le sol,Choisir un sol riche et bien drainé pour une croissance optimale.
Aloe Vera,2,Planter la graine,Planter la graine à une profondeur adaptée et arroser légèrement.
Aloe Vera,3,Arroser régulièrement,Maintenir une humidité constante sans excès d’eau.
Aloe Vera,4,Apporter de la lumière,"Placer la plante dans un endroit bien éclairé, sans soleil direct excessif."
Aloe Vera,5,Entretenir et fertiliser,Ajouter de l’engrais naturel et retirer les feuilles mortes.
Géranium,1,Préparer le sol,Choisir un sol riche et bien drainé pour une croissance optimale.
Géranium,2,Planter la graine,Planter la graine à une profondeur adaptée et arroser légèrement.
Géranium,3,Arroser régulièrement,Maintenir une humidité constante sans excès d’eau.
Géranium,4,Apporter de la lumière,"Placer la plante dans un endroit bien éclairé, sans soleil direct excessif."
Géranium,5,Entretenir et fertiliser,Ajouter de l’engrais naturel et retirer les feuilles mortes.
Rosier,1,Préparer le sol,Choisir un sol riche et bien drainé pour une croissance optimale.
Rosier,2,Planter la graine,Planter la graine à une profondeur adaptée et arroser légèrement.
Rosier,3,Arroser régulièrement,Maintenir une humidité constante sans excès d’eau.
Rosier,4,Apporter de la lumière,"Placer la plante dans un endroit bien éclairé, sans soleil direct excessif."
Rosier,5,Entretenir et fertiliser,Ajouter de l’engrais naturel et retirer les feuilles mortes.
Piment,1,Préparer le sol,Choisir un sol riche et bien drainé pour une croissance optimale.
Piment,2,Planter la graine,Planter la graine à une profondeur adaptée et arroser légèrement.
Piment,3,Arroser régulièrement,Maintenir une humidité constante sans excès d’eau.
Piment,4,Apporter de la lumière,"Placer la plante dans un endroit bien éclairé, sans soleil direct excessif."
Piment,5,Entretenir et fertiliser,Ajouter de l’engrais naturel et retirer les feuilles mortes.
Poivron,1,Préparer le sol,Choisir un sol riche et bien drainé pour une croissance optimale.
Poivron,2,Planter la graine,Planter la graine à une profondeur adaptée et arroser légèrement.
Poivron,3,Arroser régulièrement,Maintenir une humidité constante sans excès d’eau.
Poivron,4,Apporter de la lumière,"Placer la plante dans un endroit bien éclairé, sans soleil direct excessif."
Poivron,5,Entretenir et fertiliser,Ajouter de l’engrais naturel et retirer les feuilles mortes.
Courgette,1,Préparer le sol,Choisir un sol riche et bien drainé pour une croissance optimale.
Courgette,2,Planter la graine,Planter la graine à une profondeur adaptée et arroser légèrement.
Courgette,3,Arroser régulièrement,Maintenir une humidité constante sans excès d’eau.
Courgette,4,Apporter de la lumière,"Placer la plante dans un endroit bien éclairé, sans soleil direct excessif."
Courgette,5,Entretenir et fertiliser,Ajouter de l’engrais naturel et retirer les feuilles mortes.
Fraise,1,Préparer le sol,Choisir un sol riche et bien drainé pour une croissance optimale.
Fraise,2,Planter la graine,Planter la graine à une profondeur adaptée et arroser légèrement.
Fraise,3,Arroser régulièrement,Maintenir une humidité constante sans excès d’eau.
Fraise,4,Apporter de la lumière,"Placer la plante dans un endroit bien éclairé, sans soleil direct excessif."
Fraise,5,Entretenir et fertiliser,Ajouter de l’engrais naturel et retirer les feuilles mortes.
Carotte,1,Préparer le sol,Choisir un sol riche et bien drainé pour une croissance optimale.
Carotte,2,Planter la graine,Planter la graine à une profondeur adaptée et arroser légèrement.
Carotte,3,Arroser régulièrement,Maintenir une humidité constante sans excès d’eau.
Carotte,4,Apporter de la lumière,"Placer la plante dans un endroit bien éclairé, sans soleil direct excessif."
Carotte,5,Entretenir et fertiliser,Ajouter de l’engrais naturel et retirer les feuilles mortes.
Persil,1,Préparer le sol,Choisir un sol riche et bien drainé pour une croissance optimale.
Persil,2,Planter la graine,Planter la graine à une profondeur adaptée et arroser légèrement.
Persil,3,Arroser régulièrement,Maintenir une humidité constante sans excès d’eau.
Persil,4,Apporter de la lumière,"Placer la plante dans un endroit bien éclairé, sans soleil direct excessif."
Persil,5,Entretenir et fertiliser,Ajouter de l’engrais naturel et retirer les feuilles mortes.
Ciboulette,1,Préparer le sol,Choisir un sol riche et bien drainé pour une croissance optimale.
Ciboulette,2,Planter la graine,Planter la graine à une profondeur adaptée et arroser légèrement.
Ciboulette,3,Arroser régulièrement,Maintenir une humidité constante sans excès d’eau.
Ciboulette,4,Apporter de la lumière,"Placer la plante dans un endroit bien éclairé, sans soleil direct excessif."
Ciboulette,5,Entretenir et fertiliser,Ajouter de l’engrais naturel et retirer les feuilles mortes.
Laurier,1,Préparer le sol,Choisir un sol riche et bien drainé pour une croissance optimale.
Laurier,2,Planter la graine,Planter la graine à une profondeur adaptée et arroser légèrement.
Laurier,3,Arroser régulièrement,Maintenir une humidité constante sans excès d’eau.
Laurier,4,Apporter de la lumière,"Placer la plante dans un endroit bien éclairé, sans soleil direct excessif."
Laurier,5,Entretenir et fertiliser,Ajouter de l’engrais naturel et retirer les feuilles mortes.
Sauge,1,Préparer le sol,Choisir un sol riche et bien drainé pour une croissance optimale.
Sauge,2,Planter la graine,Planter la graine à une profondeur adaptée et arroser légèrement.
Sauge,3,Arroser régulièrement,Maintenir une humidité constante sans excès d’eau.
Sauge,4,Apporter de la lumière,"Placer la plante dans un endroit bien éclairé, sans soleil direct excessif."
Sauge,5,Entretenir et fertiliser,Ajouter de l’engrais naturel et retirer les feuilles mortes.
Thym,1,Préparer le sol,Choisir un sol riche et bien drainé pour une croissance optimale.
Thym,2,Planter la graine,Planter la graine à une profondeur adaptée et arroser légèrement.
Thym,3,Arroser régulièrement,Maintenir une humidité constante sans excès d’eau.
Thym,4,Apporter de la lumière,"Placer la plante dans un endroit bien éclairé, sans soleil direct excessif."
Thym,5,Entretenir et fertiliser,Ajouter de l’engrais naturel et retirer les feuilles mortes.
Camomille,1,Préparer le sol,Choisir un sol riche et bien drainé pour une croissance optimale.
Camomille,2,Planter la graine,Planter la graine à une profondeur adaptée et arroser légèrement.
Camomille,3,Arroser régulièrement,Maintenir une humidité constante sans excès d’eau.
Camomille,4,Apporter de la lumière,"Placer la plante dans un endroit bien éclairé, sans soleil direct excessif."
Camomille,5,Entretenir et fertiliser,Ajouter de l’engrais naturel et retirer les feuilles mortes.
Tournesol,1,Préparer le sol,Choisir un sol riche et bien drainé pour une croissance optimale.
Tournesol,2,Planter la graine,Planter la graine à une profondeur adaptée et arroser légèrement.
Tournesol,3,Arroser régulièrement,Maintenir une humidité constante sans excès d’eau.
Tournesol,4,Apporter de la lumière,"Placer la plante dans un endroit bien éclairé, sans soleil direct excessif."
Tournesol,5,Entretenir et fertiliser,Ajouter de l’engrais naturel et retirer les feuilles mortes.
Chêne,1,Préparer le sol,Choisir un sol riche et bien drainé pour une croissance optimale.
Chêne,2,Planter la graine,Planter la graine à une profondeur adaptée et arroser légèrement.
Chêne,3,Arroser régulièrement,Maintenir une humidité constante sans excès d’eau.
Chêne,4,Apporter de la lumière,"Placer la plante dans un endroit bien éclairé, sans soleil direct excessif."
Chêne,5,Entretenir et fertiliser,Ajouter de l’engrais naturel et retirer les feuilles mortes.
Érable,1,Préparer le sol,Choisir un sol riche et bien drainé pour une croissance optimale.
Érable,2,Planter la graine,Planter la graine à une profondeur adaptée et arroser légèrement.
Érable,3,Arroser régulièrement,Maintenir une humidité constante sans excès d’eau.
Érable,4,Apporter de la lumière,"Placer la plante dans un endroit bien éclairé, sans soleil direct excessif."
Érable,5,Entretenir et fertiliser,Ajouter de l’engrais naturel et retirer les feuilles mortes.
Pin,1,Préparer le sol,Choisir un sol riche et bien drainé pour une croissance optimale.
Pin,2,Planter la graine,Planter la graine à une profondeur adaptée et arroser légèrement.
Pin,3,Arroser régulièrement,Maintenir une humidité constante sans excès d’eau.
Pin,4,Apporter de la lumière,"Placer la plante dans un endroit bien éclairé, sans soleil direct excessif."
Pin,5,Entretenir et fertiliser,Ajouter de l’engrais naturel et retirer les feuilles mortes.
Palmier,1,Préparer le sol,Choisir un sol riche et bien drainé pour une croissance optimale.
Palmier,2,Planter la graine,Planter la graine à une profondeur adaptée et arroser légèrement.
Palmier,3,Arroser régulièrement,Maintenir une humidité constante sans excès d’eau.
Palmier,4,Apporter de la lumière,"Placer la plante dans un endroit bien éclairé, sans soleil direct excessif."
Palmier,5,Entretenir et fertiliser,Ajouter de l’engrais naturel et retirer les feuilles mortes.
Cyprès,1,Préparer le sol,Choisir un sol riche et bien drainé pour une croissance optimale.
Cyprès,2,Planter la graine,Planter la graine à une profondeur adaptée et arroser légèrement.
Cyprès,3,Arroser régulièrement,Maintenir une humidité constante sans excès d’eau.
Cyprès,4,Apporter de la lumière,"Placer la plante dans un endroit bien éclairé, sans soleil direct excessif."
Cyprès,5,Entretenir et fertiliser,Ajouter de l’engrais naturel et retirer les feuilles mortes.
Bégonia,1,Préparer le sol,Choisir un sol riche et bien drainé pour une croissance optimale.
Bégonia,2,Planter la graine,Planter la graine à une profondeur adaptée et arroser légèrement.
Bégonia,3,Arroser régulièrement,Maintenir une humidité constante sans excès d’eau.
Bégonia,4,Apporter de la lumière,"Placer la plante dans un endroit bien éclairé, sans soleil direct excessif."
Bégonia,5,Entretenir et fertiliser,Ajouter de l’engrais naturel et retirer les feuilles mortes.
Jasmin,1,Préparer le sol,Choisir un sol riche et bien drainé pour une croissance optimale.
Jasmin,2,Planter la graine,Planter la graine à une profondeur adaptée et arroser légèrement.
Jasmin,3,Arroser régulièrement,Maintenir une humidité constante sans excès d’eau.
Jasmin,4,Apporter de la lumière,"Placer la plante dans un endroit bien éclairé, sans soleil direct excessif."
Jasmin,5,Entretenir et fertiliser,Ajouter de l’engrais naturel et retirer les feuilles mortes.
Hortensia,1,Préparer le sol,Choisir un sol riche et bien drainé pour une croissance optimale.
Hortensia,2,Planter la graine,Planter la graine à une profondeur adaptée et arroser légèrement.
Hortensia,3,Arroser régulièrement,Maintenir une humidité constante sans excès d’eau.
Hortensia,4,Apporter de la lumière,"Placer la plante dans un endroit bien éclairé, sans soleil direct excessif."
Hortensia,5,Entretenir et fertiliser,Ajouter de l’engrais naturel et retirer les feuilles mortes.
Magnolia,1,Préparer le sol,Choisir un sol riche et bien drainé pour une croissance optimale.
Magnolia,2,Planter la graine,Planter la graine à une profondeur adaptée et arroser légèrement.
Magnolia,3,Arroser régulièrement,Maintenir une humidité constante sans excès d’eau.
Magnolia,4,Apporter de la lumière,"Placer la plante dans un endroit bien éclairé, sans soleil direct excessif."
Magnolia,5,Entretenir et fertiliser,Ajouter de l’engrais naturel et retirer les feuilles mortes.
Tulipe,1,Préparer le sol,Choisir un sol riche et bien drainé pour une croissance optimale.
Tulipe,2,Planter la graine,Planter la graine à une profondeur adaptée et arroser légèrement.
Tulipe,3,Arroser régulièrement,Maintenir une humidité constante sans excès d’eau.
Tulipe,4,Apporter de la lumière,"Placer la plante dans un endroit bien éclairé, sans soleil direct excessif."
Tulipe,5,Entretenir et fertiliser,Ajouter de l’engrais naturel et retirer les feuilles mortes.
Narcisse,1,Préparer le sol,Choisir un sol riche et bien drainé pour une croissance optimale.
Narcisse,2,Planter la graine,Planter la graine à une profondeur adaptée et arroser légèrement.
Narcisse,3,Arroser régulièrement,Maintenir une humidité constante sans excès d’eau.
Narcisse,4,Apporter de la lumière,"Placer la plante dans un endroit bien éclairé, sans soleil direct excessif."
Narcisse,5,Entretenir et fertiliser,Ajouter de l’engrais naturel et retirer les feuilles mortes.
Pivoine,1,Préparer le sol,Choisir un sol riche et bien drainé pour une croissance optimale.
Pivoine,2,Planter la graine,Planter la graine à une profondeur adaptée et arroser légèrement.
Pivoine,3,Arroser régulièrement,Maintenir une humidité constante sans excès d’eau.
Pivoine,4,Apporter de la lumière,"Placer la plante dans un endroit bien éclairé, sans soleil direct excessif."
Pivoine,5,Entretenir et fertiliser,Ajouter de l’engrais naturel et retirer les feuilles mortes.
Lys,1,Préparer le sol,Choisir un sol riche et bien drainé pour une croissance optimale.
Lys,2,Planter la graine,Planter la graine à une profondeur adaptée et arroser légèrement.
Lys,3,Arroser régulièrement,Maintenir une humidité constante sans excès d’eau.
Lys,4,Apporter de la lumière,"Placer la plante dans un endroit bien éclairé, sans soleil direct excessif."
Lys,5,Entretenir et fertiliser,Ajouter de l’engrais naturel et retirer les feuilles mortes.
Violette,1,Préparer le sol,Choisir un sol riche et bien drainé pour une croissance optimale.
Violette,2,Planter la graine,Planter la graine à une profondeur adaptée et arroser légèrement.
Violette,3,Arroser régulièrement,Maintenir une humidité constante sans excès d’eau.
Violette,4,Apporter de la lumière,"Placer la plante dans un endroit bien éclairé, sans soleil direct excessif."
Violette,5,Entretenir et fertiliser,Ajouter de l’engrais naturel et retirer les feuilles mortes.
Azalée,1,Préparer le sol,Choisir un sol riche et bien drainé pour une croissance optimale.
Azalée,2,Planter la graine,Planter la graine à une profondeur adaptée et arroser légèrement.
Azalée,3,Arroser régulièrement,Maintenir une humidité constante sans excès d’eau.
Azalée,4,Apporter de la lumière,"Placer la plante dans un endroit bien éclairé, sans soleil direct excessif."
Azalée,5,Entretenir et fertiliser,Ajouter de l’engrais naturel et retirer les feuilles mortes.
Dahlia,1,Préparer le sol,Choisir un sol riche et bien drainé pour une croissance optimale.
Dahlia,2,Planter la graine,Planter la graine à une profondeur adaptée et arroser légèrement.
Dahlia,3,Arroser régulièrement,Maintenir une humidité constante sans excès d’eau.
Dahlia,4,Apporter de la lumière,"Placer la plante dans un endroit bien éclairé, sans soleil direct excessif."
Dahlia,5,Entretenir et fertiliser,Ajouter de l’engrais naturel et retirer les feuilles mortes.
Citrouille,1,Préparer le sol,Choisir un sol riche et bien drainé pour une croissance optimale.
Citrouille,2,Planter la graine,Planter la graine à une profondeur adaptée et arroser légèrement.
Citrouille,3,Arroser régulièrement,Maintenir une humidité constante sans excès d’eau.
Citrouille,4,Apporter de la lumière,"Placer la plante dans un endroit bien éclairé, sans soleil direct excessif."
Citrouille,5,Entretenir et fertiliser,Ajouter de l’engrais naturel et retirer les feuilles mortes.
Betterave,1,Préparer le sol,Choisir un sol riche et bien drainé pour une croissance optimale.
Betterave,2,Planter la graine,Planter la graine à une profondeur adaptée et arroser légèrement.
Betterave,3,Arroser régulièrement,Maintenir une humidité constante sans excès d’eau.
Betterave,4,Apporter de la lumière,"Placer la plante dans un endroit bien éclairé, sans soleil direct excessif."
Betterave,5,Entretenir et fertiliser,Ajouter de l’engrais naturel et retirer les feuilles mortes.
Raisin,1,Préparer le sol,Choisir un sol riche et bien drainé pour une croissance optimale.
Raisin,2,Planter la graine,Planter la graine à une profondeur adaptée et arroser légèrement.
Raisin,3,Arroser régulièrement,Maintenir une humidité constante sans excès d’eau.
Raisin,4,Apporter de la lumière,"Placer la plante dans un endroit bien éclairé, sans soleil direct excessif."
Raisin,5,Entretenir et fertiliser,Ajouter de l’engrais naturel et retirer les feuilles mortes.
Pomme,1,Préparer le sol,Choisir un sol riche et bien drainé pour une croissance optimale.
Pomme,2,Planter la graine,Planter la graine à une profondeur adaptée et arroser légèrement.
Pomme,3,Arroser régulièrement,Maintenir une humidité constante sans excès d’eau.
Pomme,4,Apporter de la lumière,"Placer la plante dans un endroit bien éclairé, sans soleil direct excessif."
Pomme,5,Entretenir et fertiliser,Ajouter de l’engrais naturel et retirer les feuilles mortes.
Poire,1,Préparer le sol,Choisir un sol riche et bien drainé pour une croissance optimale.
Poire,2,Planter la graine,Planter la graine à une profondeur adaptée et arroser légèrement.
Poire,3,Arroser régulièrement,Maintenir une humidité constante sans excès d’eau.
Poire,4,Apporter de la lumière,"Placer la plante dans un endroit bien éclairé, sans soleil direct excessif."
Poire,5,Entretenir et fertiliser,Ajouter de l’engrais naturel et retirer les feuilles mortes.
Cerise,1,Préparer le sol,Choisir un sol riche et bien drainé pour une croissance optimale.
Cerise,2,Planter la graine,Planter la graine à une profondeur adaptée et arroser légèrement.
Cerise,3,Arroser régulièrement,Maintenir une humidité constante sans excès d’eau.
Cerise,4,Apporter de la lumière,"Placer la plante dans un endroit bien éclairé, sans soleil direct excessif."
Cerise,5,Entretenir et fertiliser,Ajouter de l’engrais naturel et retirer les feuilles mortes.
Abricot,1,Préparer le sol,Choisir un sol riche et bien drainé pour une croissance optimale.
Abricot,2,Planter la graine,Planter la graine à une profondeur adaptée et arroser légèrement.
Abricot,3,Arroser régulièrement,Maintenir une humidité constante sans excès d’eau.
Abricot,4,Apporter de la lumière,"Placer la plante dans un endroit bien éclairé, sans soleil direct excessif."
Abricot,5,Entretenir et fertiliser,Ajouter de l’engrais naturel et retirer les feuilles mortes.
Pêcher,1,Préparer le sol,Choisir un sol riche et bien drainé pour une croissance optimale.
Pêcher,2,Planter la graine,Planter la graine à une profondeur adaptée et arroser légèrement.
Pêcher,3,Arroser régulièrement,Maintenir une humidité constante sans excès d’eau.
Pêcher,4,Apporter de la lumière,"Placer la plante dans un endroit bien éclairé, sans soleil direct excessif."
Pêcher,5,Entretenir et fertiliser,Ajouter de l’engrais naturel et retirer les feuilles mortes.
Prunier,1,Préparer le sol,Choisir un sol riche et bien drainé pour une croissance optimale.
Prunier,2,Planter la graine,Planter la graine à une profondeur adaptée et arroser légèrement.
Prunier,3,Arroser régulièrement,Maintenir une humidité constante sans excès d’eau.
Prunier,4,Apporter de la lumière,"Placer la plante dans un endroit bien éclairé, sans soleil direct excessif."
Prunier,5,Entretenir et fertiliser,Ajouter de l’engrais naturel et retirer les feuilles mortes.
Noisetier,1,Préparer le sol,Choisir un sol riche et bien drainé pour une croissance optimale.
Noisetier,2,Planter la graine,Planter la graine à une profondeur adaptée et arroser légèrement.
Noisetier,3,Arroser régulièrement,Maintenir une humidité constante sans excès d’eau.
Noisetier,4,Apporter de la lumière,"Placer la plante dans un endroit bien éclairé, sans soleil direct excessif."
Noisetier,5,Entretenir et fertiliser,Ajouter de l’engrais naturel et retirer les feuilles mortes.
Chou,1,Préparer le sol,Choisir un sol riche et bien drainé pour une croissance optimale.
Chou,2,Planter la graine,Planter la graine à une profondeur adaptée et arroser légèrement.
Chou,3,Arroser régulièrement,Maintenir une humidité constante sans excès d’eau.
Chou,4,Apporter de la lumière,"Placer la plante dans un endroit bien éclairé, sans soleil direct excessif."
Chou,5,Entretenir et fertiliser,Ajouter de l’engrais naturel et retirer les feuilles mortes.
Brocoli,1,Préparer le sol,Choisir un sol riche et bien drainé pour une croissance optimale.
Brocoli,2,Planter la graine,Planter la graine à une profondeur adaptée et arroser légèrement.
Brocoli,3,Arroser régulièrement,Maintenir une humidité constante sans excès d’eau.
Brocoli,4,Apporter de la lumière,"Placer la plante dans un endroit bien éclairé, sans soleil direct excessif."
Brocoli,5,Entretenir et fertiliser,Ajouter de l’engrais naturel et retirer les feuilles mortes.
Radis,1,Préparer le sol,Choisir un sol riche et bien drainé pour une croissance optimale.
Radis,2,Planter la graine,Planter la graine à une profondeur adaptée et arroser légèrement.
Radis,3,Arroser régulièrement,Maintenir une humidité constante sans excès d’eau.
Radis,4,Apporter de la lumière,"Placer la plante dans un endroit bien éclairé, sans soleil direct excessif."
Radis,5,Entretenir et fertiliser,Ajouter de l’engrais naturel et retirer les feuilles mortes.
Navet,1,Préparer le sol,Choisir un sol riche et bien drainé pour une croissance optimale.
Navet,2,Planter la graine,Planter la graine à une profondeur adaptée et arroser légèrement.
Navet,3,Arroser régulièrement,Maintenir une humidité constante sans excès d’eau.
Navet,4,Apporter de la lumière,"Placer la plante dans un endroit bien éclairé, sans soleil direct excessif."
Navet,5,Entretenir et fertiliser,Ajouter de l’engrais naturel et retirer les feuilles mortes.
Oignon,1,Préparer le sol,Choisir un sol riche et bien drainé pour une croissance optimale.
Oignon,2,Planter la graine,Planter la graine à une profondeur adaptée et arroser légèrement.
Oignon,3,Arroser régulièrement,Maintenir une humidité constante sans excès d’eau.
Oignon,4,Apporter de la lumière,"Placer la plante dans un endroit bien éclairé, sans soleil direct excessif."
Oignon,5,Entretenir et fertiliser,Ajouter de l’engrais naturel et retirer les feuilles mortes.
Ail,1,Préparer le sol,Choisir un sol riche et bien drainé pour une croissance optimale.
Ail,2,Planter la graine,Planter la graine à une profondeur adaptée et arroser légèrement.
Ail,3,Arroser régulièrement,Maintenir une humidité constante sans excès d’eau.
Ail,4,Apporter de la lumière,"Placer la plante dans un endroit bien éclairé, sans soleil direct excessif."
Ail,5,Entretenir et fertiliser,Ajouter de l’engrais naturel et retirer les feuilles mortes.
Poireau,1,Préparer le sol,Choisir un sol riche et bien drainé pour une croissance optimale.
Poireau,2,Planter la graine,Planter la graine à une profondeur adaptée et arroser légèrement.
Poireau,3,Arroser régulièrement,Maintenir une humidité constante sans excès d’eau.
Poireau,4,Apporter de la lumière,"Placer la plante dans un endroit bien éclairé, sans soleil direct excessif."
Poireau,5,Entretenir et fertiliser,Ajouter de l’engrais naturel et retirer les feuilles mortes.
Maïs,1,Préparer le sol,Choisir un sol riche et bien drainé pour une croissance optimale.
Maïs,2,Planter la graine,Planter la graine à une profondeur adaptée et arroser légèrement.
Maïs,3,Arroser régulièrement,Maintenir une humidité constante sans excès d’eau.
Maïs,4,Apporter de la lumière,"Placer la plante dans un endroit bien éclairé, sans soleil direct excessif."
Maïs,5,Entretenir et fertiliser,Ajouter de l’engrais naturel et retirer les feuilles mortes.
Riz,1,Préparer le sol,Choisir un sol riche et bien drainé pour une croissance optimale.
Riz,2,Planter la graine,Planter la graine à une profondeur adaptée et arroser légèrement.
Riz,3,Arroser régulièrement,Maintenir une humidité constante sans excès d’eau.
Riz,4,Apporter de la lumière,"Placer la plante dans un endroit bien éclairé, sans soleil direct excessif."
Riz,5,Entretenir et fertiliser,Ajouter de l’engrais naturel et retirer les feuilles mortes.
Blé,1,Préparer le sol,Choisir un sol riche et bien drainé pour une croissance optimale.
Blé,2,Planter la graine,Planter la graine à une profondeur adaptée et arroser légèrement.
Blé,3,Arroser régulièrement,Maintenir une humidité constante sans excès d’eau.
Blé,4,Apporter de la lumière,"Placer la plante dans un endroit bien éclairé, sans soleil direct excessif."
Blé,5,Entretenir et fertiliser,Ajouter de l’engrais naturel et retirer les feuilles mortes.
Orge,1,Préparer le sol,Choisir un sol riche et bien drainé pour une croissance optimale.
Orge,2,Planter la graine,Planter la graine à une profondeur adaptée et arroser légèrement.
Orge,3,Arroser régulièrement,Maintenir une humidité constante sans excès d’eau.
Orge,4,Apporter de la lumière,"Placer la plante dans un endroit bien éclairé, sans soleil direct excessif."
Orge,5,Entretenir et fertiliser,Ajouter de l’engrais naturel et retirer les feuilles mortes.
Seigle,1,Préparer le sol,Choisir un sol riche et bien drainé pour une croissance optimale.
Seigle,2,Planter la graine,Planter la graine à une profondeur adaptée et arroser légèrement.
Seigle,3,Arroser régulièrement,Maintenir une humidité constante sans excès d’eau.
Seigle,4,Apporter de la lumière,"Placer la plante dans un endroit bien éclairé, sans soleil direct excessif."
Seigle,5,Entretenir et fertiliser,Ajouter de l’engrais naturel et retirer les feuilles mortes.
Avoine,1,Préparer le sol,Choisir un sol riche et bien drainé pour une croissance optimale.
Avoine,2,Planter la graine,Planter la graine à une profondeur adaptée et arroser légèrement.
Avoine,3,Arroser régulièrement,Maintenir une humidité constante sans excès d’eau.
Avoine,4,Apporter de la lumière,"Placer la plante dans un endroit bien éclairé, sans soleil direct excessif."
Avoine,5,Entretenir et fertiliser,Ajouter de l’engrais naturel et retirer les feuilles mortes.
Haricot,1,Préparer le sol,Choisir un sol riche et bien drainé pour une croissance optimale.
Haricot,2,Planter la graine,Planter la graine à une profondeur adaptée et arroser légèrement.
Haricot,3,Arroser régulièrement,Maintenir une humidité constante sans excès d’eau.
Haricot,4,Apporter de la lumière,"Placer la plante dans un endroit bien éclairé, sans soleil direct excessif."
Haricot,5,Entretenir et fertiliser,Ajouter de l’engrais naturel et retirer les feuilles mortes.
Lentille,1,Préparer le sol,Choisir un sol riche et bien drainé pour une croissance optimale.
Lentille,2,Planter la graine,Planter la graine à une profondeur adaptée et arroser légèrement.
Lentille,3,Arroser régulièrement,Maintenir une humidité constante sans excès d’eau.
Lentille,4,Apporter de la lumière,"Placer la plante dans un endroit bien éclairé, sans soleil direct excessif."
Lentille,5,Entretenir et fertiliser,Ajouter de l’engrais naturel et retirer les feuilles mortes.
Pois,1,Préparer le sol,Choisir un sol riche et bien drainé pour une croissance optimale.
Pois,2,Planter la graine,Planter la graine à une profondeur adaptée et arroser légèrement.
Pois,3,Arroser régulièrement,Maintenir une humidité constante sans excès d’eau.
Pois,4,Apporter de la lumière,"Placer la plante dans un endroit bien éclairé, sans soleil direct excessif."
Pois,5,Entretenir et fertiliser,Ajouter de l’engrais naturel et retirer les feuilles mortes.
Soja,1,Préparer le sol,Choisir un sol riche et bien drainé pour une croissance optimale.
Soja,2,Planter la graine,Planter la graine à une profondeur adaptée et arroser légèrement.
Soja,3,Arroser régulièrement,Maintenir une humidité constante sans excès d’eau.
Soja,4,Apporter de la lumière,"Placer la plante dans un endroit bien éclairé, sans soleil direct excessif."
Soja,5,Entretenir et fertiliser,Ajouter de l’engrais naturel et retirer les feuilles mortes.
Caféier,1,Préparer le sol,Choisir un sol riche et bien drainé pour une croissance optimale.
Caféier,2,Planter la graine,Planter la graine à une profondeur adaptée et arroser légèrement.
Caféier,3,Arroser régulièrement,Maintenir une humidité constante sans excès d’eau.
Caféier,4,Apporter de la lumière,"Placer la plante dans un endroit bien éclairé, sans soleil direct excessif."
Caféier,5,Entretenir et fertiliser,Ajouter de l’engrais naturel et retirer les feuilles mortes.
Cacaoyer,1,Préparer le sol,Choisir un sol riche et bien drainé pour une croissance optimale.
Cacaoyer,2,Planter la graine,Planter la graine à une profondeur adaptée et arroser légèrement.
Cacaoyer,3,Arroser régulièrement,Maintenir une humidité constante sans excès d’eau.
Cacaoyer,4,Apporter de la lumière,"Placer la plante dans un endroit bien éclairé, sans soleil direct excessif."
Cacaoyer,5,Entretenir et fertiliser,Ajouter de l’engrais naturel et retirer les feuilles mortes.
Théier,1,Préparer le sol,Choisir un sol riche et bien drainé pour une croissance optimale.
Théier,2,Planter la graine,Planter la graine à une profondeur adaptée et arroser légèrement.
Théier,3,Arroser régulièrement,Maintenir une humidité constante sans excès d’eau.
Théier,4,Apporter de la lumière,"Placer la plante dans un endroit bien éclairé, sans soleil direct excessif."
Théier,5,Entretenir et fertiliser,Ajouter de l’engrais naturel et retirer les feuilles mortes.
Vanillier,1,Préparer le sol,Choisir un sol riche et bien drainé pour une croissance optimale.
Vanillier,2,Planter la graine,Planter la graine à une profondeur adaptée et arroser légèrement.
Vanillier,3,Arroser régulièrement,Maintenir une humidité constante sans excès d’eau.
Vanillier,4,Apporter de la lumière,"Placer la plante dans un endroit bien éclairé, sans soleil direct excessif."
Vanillier,5,Entretenir et fertiliser,Ajouter de l’engrais naturel et retirer les feuilles mortes.
Bananaier,1,Préparer le sol,Choisir un sol riche et bien drainé pour une croissance optimale.
Bananaier,2,Planter la graine,Planter la graine à une profondeur adaptée et arroser légèrement.
Bananaier,3,Arroser régulièrement,Maintenir une humidité constante sans excès d’eau.
Bananaier,4,Apporter de la lumière,"Placer la plante dans un endroit bien éclairé, sans soleil direct excessif."
Bananaier,5,Entretenir et fertiliser,Ajouter de l’engrais naturel et retirer les feuilles mortes.
Manguiers,1,Préparer le sol,Choisir un sol riche et bien drainé pour une croissance optimale.
Manguiers,2,Planter la graine,Planter la graine à une profondeur adaptée et arroser légèrement.
Manguiers,3,Arroser régulièrement,Maintenir une humidité constante sans excès d’eau.
Manguiers,4,Apporter de la lumière,"Placer la plante dans un endroit bien éclairé, sans soleil direct excessif."
Manguiers,5,Entretenir et fertiliser,Ajouter de l’engrais naturel et retirer les feuilles mortes.
Papayer,1,Préparer le sol,Choisir un sol riche et bien drainé pour une croissance optimale.
Papayer,2,Planter la graine,Planter la graine à une profondeur adaptée et arroser légèrement.
Papayer,3,Arroser régulièrement,Maintenir une humidité constante sans excès d’eau.
Papayer,4,Apporter de la lumière,"Placer la plante dans un endroit bien éclairé, sans soleil direct excessif."
Papayer,5,Entretenir et fertiliser,Ajouter de l’engrais naturel et retirer les feuilles mortes.
Ananas,1,Préparer le sol,Choisir un sol riche et bien drainé pour une croissance optimale.
Ananas,2,Planter la graine,Planter la graine à une profondeur adaptée et arroser légèrement.
Ananas,3,Arroser régulièrement,Maintenir une humidité constante sans excès d’eau.
Ananas,4,Apporter de la lumière,"Placer la plante dans un endroit bien éclairé, sans soleil direct excessif."
Ananas,5,Entretenir et fertiliser,Ajouter de l’engrais naturel et retirer les feuilles mortes.
Cocotier,1,Préparer le sol,Choisir un sol riche et bien drainé pour une croissance optimale.
Cocotier,2,Planter la graine,Planter la graine à une profondeur adaptée et arroser légèrement.
Cocotier,3,Arroser régulièrement,Maintenir une humidité constante sans excès d’eau.
Cocotier,4,Apporter de la lumière,"Placer la plante dans un endroit bien éclairé, sans soleil direct excessif."
Cocotier,5,Entretenir et fertiliser,Ajouter de l’engrais naturel et retirer les feuilles mortes.
Palmier dattier,1,Préparer le sol,Choisir un sol riche et bien drainé pour une croissance optimale.
Palmier dattier,2,Planter la graine,Planter la graine à une profondeur adaptée et arroser légèrement.
Palmier dattier,3,Arroser régulièrement,Maintenir une humidité constante sans excès d’eau.
Palmier dattier,4,Apporter de la lumière,"Placer la plante dans un endroit bien éclairé, sans soleil direct excessif."
Palmier dattier,5,Entretenir et fertiliser,Ajouter de l’engrais naturel et retirer les feuilles mortes.
Baobab,1,Préparer le sol,Choisir un sol riche et bien drainé pour une croissance optimale.
Baobab,2,Planter la graine,Planter la graine à une profondeur adaptée et arroser légèrement.
Baobab,3,Arroser régulièrement,Maintenir une humidité constante sans excès d’eau.
Baobab,4,Apporter de la lumière,"Placer la plante dans un endroit bien éclairé, sans soleil direct excessif."
Baobab,5,Entretenir et fertiliser,Ajouter de l’engrais naturel et retirer les feuilles mortes.
Bambou,1,Préparer le sol,Choisir un sol riche et bien drainé pour une croissance optimale.
Bambou,2,Planter la graine,Planter la graine à une profondeur adaptée et arroser légèrement.
Bambou,3,Arroser régulièrement,Maintenir une humidité constante sans excès d’eau.
Bambou,4,Apporter de la lumière,"Placer la plante dans un endroit bien éclairé, sans soleil direct excessif."
Bambou,5,Entretenir et fertiliser,Ajouter de l’engrais naturel et retirer les feuilles mortes.
Gingembre,1,Préparer le sol,Choisir un sol riche et bien drainé pour une croissance optimale.
Gingembre,2,Planter la graine,Planter la graine à une profondeur adaptée et arroser légèrement.
Gingembre,3,Arroser régulièrement,Maintenir une humidité constante sans excès d’eau.
Gingembre,4,Apporter de la lumière,"Placer la plante dans un endroit bien éclairé, sans soleil direct excessif."
Gingembre,5,Entretenir et fertiliser,Ajouter de l’engrais naturel et retirer les feuilles mortes.
Curcuma,1,Préparer le sol,Choisir un sol riche et bien drainé pour une croissance optimale.
Curcuma,2,Planter la graine,Planter la graine à une profondeur adaptée et arroser légèrement.
Curcuma,3,Arroser régulièrement,Maintenir une humidité constante sans excès d’eau.
Curcuma,4,Apporter de la lumière,"Placer la plante dans un endroit bien éclairé, sans soleil direct excessif."
Curcuma,5,Entretenir et fertiliser,Ajouter de l’engrais naturel et retirer les feuilles mortes.
Arbousier,1,Préparer le sol,Choisir un sol riche et bien drainé pour une croissance optimale.
Arbousier,2,Planter la graine,Planter la graine à une profondeur adaptée et arroser légèrement.
Arbousier,3,Arroser régulièrement,Maintenir une humidité constante sans excès d’eau.
Arbousier,4,Apporter de la lumière,"Placer la plante dans un endroit bien éclairé, sans soleil direct excessif."
Arbousier,5,Entretenir et fertiliser,Ajouter de l’engrais naturel et retirer les feuilles mortes.
Groseillier,1,Préparer le sol,Choisir un sol riche et bien drainé pour une croissance optimale.
Groseillier,2,Planter la graine,Planter la graine à une profondeur adaptée et arroser légèrement.
Groseillier,3,Arroser régulièrement,Maintenir une humidité constante sans excès d’eau.
Groseillier,4,Apporter de la lumière,"Placer la plante dans un endroit bien éclairé, sans soleil direct excessif."
Groseillier,5,Entretenir et fertiliser,Ajouter de l’engrais naturel et retirer les feuilles mortes.
Framboisier,1,Préparer le sol,Choisir un sol riche et bien drainé pour une croissance optimale.
Framboisier,2,Planter la graine,Planter la graine à une profondeur adaptée et arroser légèrement.
Framboisier,3,Arroser régulièrement,Maintenir une humidité constante sans excès d’eau.
Framboisier,4,Apporter de la lumière,"Placer la plante dans un endroit bien éclairé, sans soleil direct excessif."
Framboisier,5,Entretenir et fertiliser,Ajouter de l’engrais naturel et retirer les feuilles mortes.
Mûrier,1,Préparer le sol,Choisir un sol riche et bien drainé pour une croissance optimale.
Mûrier,2,Planter la graine,Planter la graine à une profondeur adaptée et arroser légèrement.
Mûrier,3,Arroser régulièrement,Maintenir une humidité constante sans excès d’eau.
Mûrier,4,Apporter de la lumière,"Placer la plante dans un endroit bien éclairé, sans soleil direct excessif."
Mûrier,5,Entretenir et fertiliser,Ajouter de l’engrais naturel et retirer les feuilles mortes.
Myrtillier,1,Préparer le sol,Choisir un sol riche et bien drainé pour une croissance optimale.
Myrtillier,2,Planter la graine,Planter la graine à une profondeur adaptée et arroser légèrement.
Myrtillier,3,Arroser régulièrement,Maintenir une humidité constante sans excès d’eau.
Myrtillier,4,Apporter de la lumière,"Placer la plante dans un endroit bien éclairé, sans soleil direct excessif."
Myrtillier,5,Entretenir et fertiliser,Ajouter de l’engrais naturel et retirer les feuilles mortes.
Cassis,1,Préparer le sol,Choisir un sol riche et bien drainé pour une croissance optimale.
Cassis,2,Planter la graine,Planter la graine à une profondeur adaptée et arroser légèrement.
Cassis,3,Arroser régulièrement,Maintenir une humidité constante sans excès d’eau.
Cassis,4,Apporter de la lumière,"Placer la plante dans un endroit bien éclairé, sans soleil direct excessif."
Cassis,5,Entretenir et fertiliser,Ajouter de l’engrais naturel et retirer les feuilles mortes.
Canne à sucre,1,Préparer le sol,Choisir un sol riche et bien drainé pour une croissance optimale.
Canne à sucre,2,Planter la graine,Planter la graine à une profondeur adaptée et arroser légèrement.
Canne à sucre,3,Arroser régulièrement,Maintenir une humidité constante sans excès d’eau.
Canne à sucre,4,Apporter de la lumière,"Placer la plante dans un endroit bien éclairé, sans soleil direct excessif."
Canne à sucre,5,Entretenir et fertiliser,Ajouter de l’engrais naturel et retirer les feuilles mortes.
Menthe poivrée,1,Préparer le sol,Choisir un sol riche et bien drainé pour une croissance optimale.
Menthe poivrée,2,Planter la graine,Planter la graine à une profondeur adaptée et arroser légèrement.
Menthe poivrée,3,Arroser régulièrement,Maintenir une humidité constante sans excès d’eau.
Menthe poivrée,4,Apporter de la lumière,"Placer la plante dans un endroit bien éclairé, sans soleil direct excessif."
Menthe poivrée,5,Entretenir et fertiliser,Ajouter de l’engrais naturel et retirer les feuilles mortes.
Eucalyptus,1,Préparer le sol,Choisir un sol riche et bien drainé pour une croissance optimale.
Eucalyptus,2,Planter la graine,Planter la graine à une profondeur adaptée et arroser légèrement.
Eucalyptus,3,Arroser régulièrement,Maintenir une humidité constante sans excès d’eau.
Eucalyptus,4,Apporter de la lumière,"Placer la plante dans un endroit bien éclairé, sans soleil direct excessif."
Eucalyptus,5,Entretenir et fertiliser,Ajouter de l’engrais naturel et retirer les feuilles mortes.
Châtaignier,1,Préparer le sol,Choisir un sol riche et bien drainé pour une croissance optimale.
Châtaignier,2,Planter la graine,Planter la graine à une profondeur adaptée et arroser légèrement.
Châtaignier,3,Arroser régulièrement,Maintenir une humidité constante sans excès d’eau.
Châtaignier,4,Apporter de la lumière,"Placer la plante dans un endroit bien éclairé, sans soleil direct excessif."
Châtaignier,5,Entretenir et fertiliser,Ajouter de l’engrais naturel et retirer les feuilles mortes.
Noyer,1,Préparer le sol,Choisir un sol riche et bien drainé pour une croissance optimale.
Noyer,2,Planter la graine,Planter la graine à une profondeur adaptée et arroser légèrement.
Noyer,3,Arroser régulièrement,Maintenir une humidité constante sans excès d’eau.
Noyer,4,Apporter de la lumière,"Placer la plante dans un endroit bien éclairé, sans soleil direct excessif."
Noyer,5,Entretenir et fertiliser,Ajouter de l’engrais naturel et retirer les feuilles mortes.
Pistachier,1,Préparer le sol,Choisir un sol riche et bien drainé pour une croissance optimale.
Pistachier,2,Planter la graine,Planter la graine à une profondeur adaptée et arroser légèrement.
Pistachier,3,Arroser régulièrement,Maintenir une humidité constante sans excès d’eau.
Pistachier,4,Apporter de la lumière,"Placer la plante dans un endroit bien éclairé, sans soleil direct excessif."
Pistachier,5,Entretenir et fertiliser,Ajouter de l’engrais naturel et retirer les feuilles mortes.
Amandier,1,Préparer le sol,Choisir un sol riche et bien drainé pour une croissance optimale.
Amandier,2,Planter la graine,Planter la graine à une profondeur adaptée et arroser légèrement.
Amandier,3,Arroser régulièrement,Maintenir une humidité constante sans excès d’eau.
Amandier,4,Apporter de la lumière,"Placer la plante dans un endroit bien éclairé, sans soleil direct excessif."
Amandier,5,Entretenir et fertiliser,Ajouter de l’engrais naturel et retirer les feuilles mortes.
Cèdre,1,Préparer le sol,Choisir un sol riche et bien drainé pour une croissance optimale.
Cèdre,2,Planter la graine,Planter la graine à une profondeur adaptée et arroser légèrement.
Cèdre,3,Arroser régulièrement,Maintenir une humidité constante sans excès d’eau.
Cèdre,4,Apporter de la lumière,"Placer la plante dans un endroit bien éclairé, sans soleil direct excessif."
Cèdre,5,Entretenir et fertiliser,Ajouter de l’engrais naturel et retirer les feuilles mortes.
Cycas,1,Préparer le sol,Choisir un sol riche et bien drainé pour une croissance optimale.
Cycas,2,Planter la graine,Planter la graine à une profondeur adaptée et arroser légèrement.
Cycas,3,Arroser régulièrement,Maintenir une humidité constante sans excès d’eau.
Cycas,4,Apporter de la lumière,"Placer la plante dans un endroit bien éclairé, sans soleil direct excessif."
Cycas,5,Entretenir et fertiliser,Ajouter de l’engrais naturel et retirer les feuilles mortes.
Yucca,1,Préparer le sol,Choisir un sol riche et bien drainé pour une croissance optimale.
Yucca,2,Planter la graine,Planter la graine à une profondeur adaptée et arroser légèrement.
Yucca,3,Arroser régulièrement,Maintenir une humidité constante sans excès d’eau.
Yucca,4,Apporter de la lumière,"Placer la plante dans un endroit bien éclairé, sans soleil direct excessif."
Yucca,5,Entretenir et fertiliser,Ajouter de l’engrais naturel et retirer les feuilles mortes.
Agave,1,Préparer le sol,Choisir un sol riche et bien drainé pour une croissance optimale.
Agave,2,Planter la graine,Planter la graine à une profondeur adaptée et arroser légèrement.
Agave,3,Arroser régulièrement,Maintenir une humidité constante sans excès d’eau.
Agave,4,Apporter de la lumière,"Placer la plante dans un endroit bien éclairé, sans soleil direct excessif."
Agave,5,Entretenir et fertiliser,Ajouter de l’engrais naturel et retirer les feuilles mortes.
Cactus,1,Préparer le sol,Choisir un sol riche et bien drainé pour une croissance optimale.
Cactus,2,Planter la graine,Planter la graine à une profondeur adaptée et arroser légèrement.
Cactus,3,Arroser régulièrement,Maintenir une humidité constante sans excès d’eau.
Cactus,4,Apporter de la lumière,"Placer la plante dans un endroit bien éclairé, sans soleil direct excessif."
Cactus,5,Entretenir et fertiliser,Ajouter de l’engrais naturel et retirer les feuilles mortes.
Bouleau,1,Préparer le sol,Choisir un sol riche et bien drainé pour une croissance optimale.
Bouleau,2,Planter la graine,Planter la graine à une profondeur adaptée et arroser légèrement.
Bouleau,3,Arroser régulièrement,Maintenir une humidité constante sans excès d’eau.
Bouleau,4,Apporter de la lumière,"Placer la plante dans un endroit bien éclairé, sans soleil direct excessif."
Bouleau,5,Entretenir et fertiliser,Ajouter de l’engrais naturel et retirer les feuilles mortes.
Tilleul,1,Préparer le sol,Choisir un sol riche et bien drainé pour une croissance optimale.
Tilleul,2,Planter la graine,Planter la graine à une profondeur adaptée et arroser légèrement.
Tilleul,3,Arroser régulièrement,Maintenir une humidité constante sans excès d’eau.
Tilleul,4,Apporter de la lumière,"Placer la plante dans un endroit bien éclairé, sans soleil direct excessif."
Tilleul,5,Entretenir et fertiliser,Ajouter de l’engrais naturel et retirer les feuilles mortes.
Platane,1,Préparer le sol,Choisir un sol riche et bien drainé pour une croissance optimale.
Platane,2,Planter la graine,Planter la graine à une profondeur adaptée et arroser légèrement.
Platane,3,Arroser régulièrement,Maintenir une humidité constante sans excès d’eau.
Platane,4,Apporter de la lumière,"Placer la plante dans un endroit bien éclairé, sans soleil direct excessif."
Platane,5,Entretenir et fertiliser,Ajouter de l’engrais naturel et retirer les feuilles mortes.
Acacia,1,Préparer le sol,Choisir un sol riche et bien drainé pour une croissance optimale.
Acacia,2,Planter la graine,Planter la graine à une profondeur adaptée et arroser légèrement.
Acacia,3,Arroser régulièrement,Maintenir une humidité constante sans excès d’eau.
Acacia,4,Apporter de la lumière,"Placer la plante dans un endroit bien éclairé, sans soleil direct excessif."
Acacia,5,Entretenir et fertiliser,Ajouter de l’engrais naturel et retirer les feuilles mortes.
Hêtre,1,Préparer le sol,Choisir un sol riche et bien drainé pour une croissance optimale.
Hêtre,2,Planter la graine,Planter la graine à une profondeur adaptée et arroser légèrement.
Hêtre,3,Arroser régulièrement,Maintenir une humidité constante sans excès d’eau.
Hêtre,4,Apporter de la lumière,"Placer la plante dans un endroit bien éclairé, sans soleil direct excessif."
Hêtre,5,Entretenir et fertiliser,Ajouter de l’engrais naturel et retirer les feuilles mortes.
Saule,1,Préparer le sol,Choisir un sol riche et bien drainé pour une croissance optimale.
Saule,2,Planter la graine,Planter la graine à une profondeur adaptée et arroser légèrement.
Saule,3,Arroser régulièrement,Maintenir une humidité constante sans excès d’eau.
Saule,4,Apporter de la lumière,"Placer la plante dans un endroit bien éclairé, sans soleil direct excessif."
Saule,5,Entretenir et fertiliser,Ajouter de l’engrais naturel et retirer les feuilles mortes.
Peuplier,1,Préparer le sol,Choisir un sol riche et bien drainé pour une croissance optimale.
Peuplier,2,Planter la graine,Planter la graine à une profondeur adaptée et arroser légèrement.
Peuplier,3,Arroser régulièrement,Maintenir une humidité constante sans excès d’eau.
Peuplier,4,Apporter de la lumière,"Placer la plante dans un endroit bien éclairé, sans soleil direct excessif."
Peuplier,5,Entretenir et fertiliser,Ajouter de l’engrais naturel et retirer les feuilles mortes.
Bananier,1,Préparer le sol,Choisir un sol riche et bien drainé pour une croissance optimale.
Bananier,2,Planter la graine,Planter la graine à une profondeur adaptée et arroser légèrement.
Bananier,3,Arroser régulièrement,Maintenir une humidité constante sans excès d’eau.
Bananier,4,Apporter de la lumière,"Placer la plante dans un endroit bien éclairé, sans soleil direct excessif."
Bananier,5,Entretenir et fertiliser,Ajouter de l’engrais naturel et retirer les feuilles mortes.
Mangrove,1,Préparer le sol,Choisir un sol riche et bien drainé pour une croissance optimale.
Mangrove,2,Planter la graine,Planter la graine à une profondeur adaptée et arroser légèrement.
Mangrove,3,Arroser régulièrement,Maintenir une humidité constante sans excès d’eau.
Mangrove,4,Apporter de la lumière,"Placer la plante dans un endroit bien éclairé, sans soleil direct excessif."
Mangrove,5,Entretenir et fertiliser,Ajouter de l’engrais naturel et retirer les feuilles mortes.
Oranger,1,Préparer le sol,Choisir un sol riche et bien drainé pour une croissance optimale.
Oranger,2,Planter la graine,Planter la graine à une profondeur adaptée et arroser légèrement.
Oranger,3,Arroser régulièrement,Maintenir une humidité constante sans excès d’eau.
Oranger,4,Apporter de la lumière,"Placer la plante dans un endroit bien éclairé, sans soleil direct excessif."
Oranger,5,Entretenir et fertiliser,Ajouter de l’engrais naturel et retirer les feuilles mortes.
Mandarinier,1,Préparer le sol,Choisir un sol riche et bien drainé pour une croissance optimale.
Mandarinier,2,Planter la graine,Planter la graine à une profondeur adaptée et arroser légèrement.
Mandarinier,3,Arroser régulièrement,Maintenir une humidité constante sans excès d’eau.
Mandarinier,4,Apporter de la lumière,"Placer la plante dans un endroit bien éclairé, sans soleil direct excessif."
Mandarinier,5,Entretenir et fertiliser,Ajouter de l’engrais naturel et retirer les feuilles mortes.
Pamplemoussier,1,Préparer le sol,Choisir un sol riche et bien drainé pour une croissance optimale.
Pamplemoussier,2,Planter la graine,Planter la graine à une profondeur adaptée et arroser légèrement.
Pamplemoussier,3,Arroser régulièrement,Maintenir une humidité constante sans excès d’eau.
Pamplemoussier,4,Apporter de la lumière,"Placer la plante dans un endroit bien éclairé, sans soleil direct excessif."
Pamplemoussier,5,Entretenir et fertiliser,Ajouter de l’engrais naturel et retirer les feuilles mortes.
Citron vert,1,Préparer le sol,Choisir un sol riche et bien drainé pour une croissance optimale.
Citron vert,2,Planter la graine,Planter la graine à une profondeur adaptée et arroser légèrement.
Citron vert,3,Arroser régulièrement,Maintenir une humidité constante sans excès d’eau.
Citron vert,4,Apporter de la lumière,"Placer la plante dans un endroit bien éclairé, sans soleil direct excessif."
Citron vert,5,Entretenir et fertiliser,Ajouter de l’engrais naturel et retirer les feuilles mortes.
Kumquat,1,Préparer le sol,Choisir un sol riche et bien drainé pour une croissance optimale.
Kumquat,2,Planter la graine,Planter la graine à une profondeur adaptée et arroser légèrement.
Kumquat,3,Arroser régulièrement,Maintenir une humidité constante sans excès d’eau.
Kumquat,4,Apporter de la lumière,"Placer la plante dans un endroit bien éclairé, sans soleil direct excessif."
Kumquat,5,Entretenir et fertiliser,Ajouter de l’engrais naturel et retirer les feuilles mortes.
Grenadier,1,Préparer le sol,Choisir un sol riche et bien drainé pour une croissance optimale.
Grenadier,2,Planter la graine,Planter la graine à une profondeur adaptée et arroser légèrement.
Grenadier,3,Arroser régulièrement,Maintenir une humidité constante sans excès d’eau.
Grenadier,4,Apporter de la lumière,"Placer la plante dans un endroit bien éclairé, sans soleil direct excessif."
Grenadier,5,Entretenir et fertiliser,Ajouter de l’engrais naturel et retirer les feuilles mortes.
Kaki,1,Préparer le sol,Choisir un sol riche et bien drainé pour une croissance optimale.
Kaki,2,Planter la graine,Planter la graine à une profondeur adaptée et arroser légèrement.
Kaki,3,Arroser régulièrement,Maintenir une humidité constante sans excès d’eau.
Kaki,4,Apporter de la lumière,"Placer la plante dans un endroit bien éclairé, sans soleil direct excessif."
Kaki,5,Entretenir et fertiliser,Ajouter de l’engrais naturel et retirer les feuilles mortes.
Kiwi,1,Préparer le sol,Choisir un sol riche et bien drainé pour une croissance optimale.
Kiwi,2,Planter la graine,Planter la graine à une profondeur adaptée et arroser légèrement.
Kiwi,3,Arroser régulièrement,Maintenir une humidité constante sans excès d’eau.
Kiwi,4,Apporter de la lumière,"Placer la plante dans un endroit bien éclairé, sans soleil direct excessif."
Kiwi,5,Entretenir et fertiliser,Ajouter de l’engrais naturel et retirer les feuilles mortes.
Figue de Barbarie,1,Préparer le sol,Choisir un sol riche et bien drainé pour une croissance optimale.
Figue de Barbarie,2,Planter la graine,Planter la graine à une profondeur adaptée et arroser légèrement.
Figue de Barbarie,3,Arroser régulièrement,Maintenir une humidité constante sans excès d’eau.
Figue de Barbarie,4,Apporter de la lumière,"Placer la plante dans un endroit bien éclairé, sans soleil direct excessif."
Figue de Barbarie,5,Entretenir et fertiliser,Ajouter de l’engrais naturel et retirer les feuilles mortes.
Melon,1,Préparer le sol,Choisir un sol riche et bien drainé pour une croissance optimale.
Melon,2,Planter la graine,Planter la graine à une profondeur adaptée et arroser légèrement.
Melon,3,Arroser régulièrement,Maintenir une humidité constante sans excès d’eau.
Melon,4,Apporter de la lumière,"Placer la plante dans un endroit bien éclairé, sans soleil direct excessif."
Melon,5,Entretenir et fertiliser,Ajouter de l’engrais naturel et retirer les feuilles mortes.
Pastèque,1,Préparer le sol,Choisir un sol riche et bien drainé pour une croissance optimale.
Pastèque,2,Planter la graine,Planter la graine à une profondeur adaptée et arroser légèrement.
Pastèque,3,Arroser régulièrement,Maintenir une humidité constante sans excès d’eau.
Pastèque,4,Apporter de la lumière,"Placer la plante dans un endroit bien éclairé, sans soleil direct excessif."
Pastèque,5,Entretenir et fertiliser,Ajouter de l’engrais naturel et retirer les feuilles mortes.
Laitue,1,Préparer le sol,Choisir un sol riche et bien drainé pour une croissance optimale.
Laitue,2,Planter la graine,Planter la graine à une profondeur adaptée et arroser légèrement.
Laitue,3,Arroser régulièrement,Maintenir une humidité constante sans excès d’eau.
Laitue,4,Apporter de la lumière,"Placer la plante dans un endroit bien éclairé, sans soleil direct excessif."
Laitue,5,Entretenir et fertiliser,Ajouter de l’engrais naturel et retirer les feuilles mortes.
Épinard,1,Préparer le sol,Choisir un sol riche et bien drainé pour une croissance optimale.
Épinard,2,Planter la graine,Planter la graine à une profondeur adaptée et arroser légèrement.
Épinard,3,Arroser régulièrement,Maintenir une humidité constante sans excès d’eau.
Épinard,4,Apporter de la lumière,"Placer la plante dans un endroit bien éclairé, sans soleil direct excessif."
Épinard,5,Entretenir et fertiliser,Ajouter de l’engrais naturel et retirer les feuilles mortes.
Blette,1,Préparer le sol,Choisir un sol riche et bien drainé pour une croissance optimale.
Blette,2,Planter la graine,Planter la graine à une profondeur adaptée et arroser légèrement.
Blette,3,Arroser régulièrement,Maintenir une humidité constante sans excès d’eau.
Blette,4,Apporter de la lumière,"Placer la plante dans un endroit bien éclairé, sans soleil direct excessif."
Blette,5,Entretenir et fertiliser,Ajouter de l’engrais naturel et retirer les feuilles mortes.
Chicorée,1,Préparer le sol,Choisir un sol riche et bien drainé pour une croissance optimale.
Chicorée,2,Planter la graine,Planter la graine à une profondeur adaptée et arroser légèrement.
Chicorée,3,Arroser régulièrement,Maintenir une humidité constante sans excès d’eau.
Chicorée,4,Apporter de la lumière,"Placer la plante dans un endroit bien éclairé, sans soleil direct excessif."
Chicorée,5,Entretenir et fertiliser,Ajouter de l’engrais naturel et retirer les feuilles mortes.
Endive,1,Préparer le sol,Choisir un sol riche et bien drainé pour une croissance optimale.
Endive,2,Planter la graine,Planter la graine à une profondeur adaptée et arroser légèrement.
Endive,3,Arroser régulièrement,Maintenir une humidité constante sans excès d’eau.
Endive,4,Apporter de la lumière,"Placer la plante dans un endroit bien éclairé, sans soleil direct excessif."
Endive,5,Entretenir et fertiliser,Ajouter de l’engrais naturel et retirer les feuilles mortes.
Roquette,1,Préparer le sol,Choisir un sol riche et bien drainé pour une croissance optimale.
Roquette,2,Planter la graine,Planter la graine à une profondeur adaptée et arroser légèrement.
Roquette,3,Arroser régulièrement,Maintenir une humidité constante sans excès d’eau.
Roquette,4,Apporter de la lumière,"Placer la plante dans un endroit bien éclairé, sans soleil direct excessif."
Roquette,5,Entretenir et fertiliser,Ajouter de l’engrais naturel et retirer les feuilles mortes.
Radicchio,1,Préparer le sol,Choisir un sol riche et bien drainé pour une croissance optimale.
Radicchio,2,Planter la graine,Planter la graine à une profondeur adaptée et arroser légèrement.
Radicchio,3,Arroser régulièrement,Maintenir une humidité constante sans excès d’eau.
Radicchio,4,Apporter de la lumière,"Placer la plante dans un endroit bien éclairé, sans soleil direct excessif."
Radicchio,5,Entretenir et fertiliser,Ajouter de l’engrais naturel et retirer les feuilles mortes.
Cresson,1,Préparer le sol,Choisir un sol riche et bien drainé pour une croissance optimale.
Cresson,2,Planter la graine,Planter la graine à une profondeur adaptée et arroser légèrement.
Cresson,3,Arroser régulièrement,Maintenir une humidité constante sans excès d’eau.
Cresson,4,Apporter de la lumière,"Placer la plante dans un endroit bien éclairé, sans soleil direct excessif."
Cresson,5,Entretenir et fertiliser,Ajouter de l’engrais naturel et retirer les feuilles mortes.
Mâche,1,Préparer le sol,Choisir un sol riche et bien drainé pour une croissance optimale.
Mâche,2,Planter la graine,Planter la graine à une profondeur adaptée et arroser légèrement.
Mâche,3,Arroser régulièrement,Maintenir une humidité constante sans excès d’eau.
Mâche,4,Apporter de la lumière,"Placer la plante dans un endroit bien éclairé, sans soleil direct excessif."
Mâche,5,Entretenir et fertiliser,Ajouter de l’engrais naturel et retirer les feuilles mortes.
Céleri,1,Préparer le sol,Choisir un sol riche et bien drainé pour une croissance optimale.
Céleri,2,Planter la graine,Planter la graine à une profondeur adaptée et arroser légèrement.
Céleri,3,Arroser régulièrement,Maintenir une humidité constante sans excès d’eau.
Céleri,4,Apporter de la lumière,"Placer la plante dans un endroit bien éclairé, sans soleil direct excessif."
Céleri,5,Entretenir et fertiliser,Ajouter de l’engrais naturel et retirer les feuilles mortes.
Fenouil,1,Préparer le sol,Choisir un sol riche et bien drainé pour une croissance optimale.
Fenouil,2,Planter la graine,Planter la graine à une profondeur adaptée et arroser légèrement.
Fenouil,3,Arroser régulièrement,Maintenir une humidité constante sans excès d’eau.
Fenouil,4,Apporter de la lumière,"Placer la plante dans un endroit bien éclairé, sans soleil direct excessif."
Fenouil,5,Entretenir et fertiliser,Ajouter de l’engrais naturel et retirer les feuilles mortes.
Artichaut,1,Préparer le sol,Choisir un sol riche et bien drainé pour une croissance optimale.
Artichaut,2,Planter la graine,Planter la graine à une profondeur adaptée et arroser légèrement.
Artichaut,3,Arroser régulièrement,Maintenir une humidité constante sans excès d’eau.
Artichaut,4,Apporter de la lumière,"Placer la plante dans un endroit bien éclairé, sans soleil direct excessif."
Artichaut,5,Entretenir et fertiliser,Ajouter de l’engrais naturel et retirer les feuilles mortes.
Asperge,1,Préparer le sol,Choisir un sol riche et bien drainé pour une croissance optimale.
Asperge,2,Planter la graine,Planter la graine à une profondeur adaptée et arroser légèrement.
Asperge,3,Arroser régulièrement,Maintenir une humidité constante sans excès d’eau.
Asperge,4,Apporter de la lumière,"Placer la plante dans un endroit bien éclairé, sans soleil direct excessif."
Asperge,5,Entretenir et fertiliser,Ajouter de l’engrais naturel et retirer les feuilles mortes.
Topinambour,1,Préparer le sol,Choisir un sol riche et bien drainé pour une croissance optimale.
Topinambour,2,Planter la graine,Planter la graine à une profondeur adaptée et arroser légèrement.
Topinambour,3,Arroser régulièrement,Maintenir une humidité constante sans excès d’eau.
Topinambour,4,Apporter de la lumière,"Placer la plante dans un endroit bien éclairé, sans soleil direct excessif."
Topinambour,5,Entretenir et fertiliser,Ajouter de l’engrais naturel et retirer les feuilles mortes.
Panais,1,Préparer le sol,Choisir un sol riche et bien drainé pour une croissance optimale.
Panais,2,Planter la graine,Planter la graine à une profondeur adaptée et arroser légèrement.
Panais,3,Arroser régulièrement,Maintenir une humidité constante sans excès d’eau.
Panais,4,Apporter de la lumière,"Placer la plante dans un endroit bien éclairé, sans soleil direct excessif."
Panais,5,Entretenir et fertiliser,Ajouter de l’engrais naturel et retirer les feuilles mortes.
Patate douce,1,Préparer le sol,Choisir un sol riche et bien drainé pour une croissance optimale.
Patate douce,2,Planter la graine,Planter la graine à une profondeur adaptée et arroser légèrement.
Patate douce,3,Arroser régulièrement,Maintenir une humidité constante sans excès d’eau.
Patate douce,4,Apporter de la lumière,"Placer la plante dans un endroit bien éclairé, sans soleil direct excessif."
Patate douce,5,Entretenir et fertiliser,Ajouter de l’engrais naturel et retirer les feuilles mortes.
Pomme de terre,1,Préparer le sol,Choisir un sol riche et bien drainé pour une croissance optimale.
Pomme de terre,2,Planter la graine,Planter la graine à une profondeur adaptée et arroser légèrement.
Pomme de terre,3,Arroser régulièrement,Maintenir une humidité constante sans excès d’eau.
Pomme de terre,4,Apporter de la lumière,"Placer la plante dans un endroit bien éclairé, sans soleil direct excessif."
Pomme de terre,5,Entretenir et fertiliser,Ajouter de l’engrais naturel et retirer les feuilles mortes.
Navet jaune,1,Préparer le sol,Choisir un sol riche et bien drainé pour une croissance optimale.
Navet jaune,2,Planter la graine,Planter la graine à une profondeur adaptée et arroser légèrement.
Navet jaune,3,Arroser régulièrement,Maintenir une humidité constante sans excès d’eau.
Navet jaune,4,Apporter de la lumière,"Placer la plante dans un endroit bien éclairé, sans soleil direct excessif."
Navet jaune,5,Entretenir et fertiliser,Ajouter de l’engrais naturel et retirer les feuilles mortes.
Coriandre,1,Préparer le sol,Choisir un sol riche et bien drainé pour une croissance optimale.
Coriandre,2,Planter la graine,Planter la graine à une profondeur adaptée et arroser légèrement.
Coriandre,3,Arroser régulièrement,Maintenir une humidité constante sans excès d’eau.
Coriandre,4,Apporter de la lumière,"Placer la plante dans un endroit bien éclairé, sans soleil direct excessif."
Coriandre,5,Entretenir et fertiliser,Ajouter de l’engrais naturel et retirer les feuilles mortes.
Aneth,1,Préparer le sol,Choisir un sol riche et bien drainé pour une croissance optimale.
Aneth,2,Planter la graine,Planter la graine à une profondeur adaptée et arroser légèrement.
Aneth,3,Arroser régulièrement,Maintenir une humidité constante sans excès d’eau.
Aneth,4,Apporter de la lumière,"Placer la plante dans un endroit bien éclairé, sans soleil direct excessif."
Aneth,5,Entretenir et fertiliser,Ajouter de l’engrais naturel et retirer les feuilles mortes.
Estragon,1,Préparer le sol,Choisir un sol riche et bien drainé pour une croissance optimale.
Estragon,2,Planter la graine,Planter la graine à une profondeur adaptée et arroser légèrement.
Estragon,3,Arroser régulièrement,Maintenir une humidité constante sans excès d’eau.
Estragon,4,Apporter de la lumière,"Placer la plante dans un endroit bien éclairé, sans soleil direct excessif."
Estragon,5,Entretenir et fertiliser,Ajouter de l’engrais naturel et retirer les feuilles mortes.
Origan,1,Préparer le sol,Choisir un sol riche et bien drainé pour une croissance optimale.
Origan,2,Planter la graine,Planter la graine à une profondeur adaptée et arroser légèrement.
Origan,3,Arroser régulièrement,Maintenir une humidité constante sans excès d’eau.
Origan,4,Apporter de la lumière,"Placer la plante dans un endroit bien éclairé, sans soleil direct excessif."
Origan,5,Entretenir et fertiliser,Ajouter de l’engrais naturel et retirer les feuilles mortes.
Marjolaine,1,Préparer le sol,Choisir un sol riche et bien drainé pour une croissance optimale.
Marjolaine,2,Planter la graine,Planter la graine à une profondeur adaptée et arroser légèrement.
Marjolaine,3,Arroser régulièrement,Maintenir une humidité constante sans excès d’eau.
Marjolaine,4,Apporter de la lumière,"Placer la plante dans un endroit bien éclairé, sans soleil direct excessif."
Marjolaine,5,Entretenir et fertiliser,Ajouter de l’engrais naturel et retirer les feuilles mortes.
Verveine,1,Préparer le sol,Choisir un sol riche et bien drainé pour une croissance optimale.
Verveine,2,Planter la graine,Planter la graine à une profondeur adaptée et arroser légèrement.
Verveine,3,Arroser régulièrement,Maintenir une humidité constante sans excès d’eau.
Verveine,4,Apporter de la lumière,"Placer la plante dans un endroit bien éclairé, sans soleil direct excessif."
Verveine,5,Entretenir et fertiliser,Ajouter de l’engrais naturel et retirer les feuilles mortes.
Mélisse,1,Préparer le sol,Choisir un sol riche et bien drainé pour une croissance optimale.
Mélisse,2,Planter la graine,Planter la graine à une profondeur adaptée et arroser légèrement.
Mélisse,3,Arroser régulièrement,Maintenir une humidité constante sans excès d’eau.
Mélisse,4,Apporter de la lumière,"Placer la plante dans un endroit bien éclairé, sans soleil direct excessif."
Mélisse,5,Entretenir et fertiliser,Ajouter de l’engrais naturel et retirer les feuilles mortes.
Stevia,1,Préparer le sol,Choisir un sol riche et bien drainé pour une croissance optimale.
Stevia,2,Planter la graine,Planter la graine à une profondeur adaptée et arroser légèrement.
Stevia,3,Arroser régulièrement,Maintenir une humidité constante sans excès d’eau.
Stevia,4,Apporter de la lumière,"Placer la plante dans un endroit bien éclairé, sans soleil direct excessif."
Stevia,5,Entretenir et fertiliser,Ajouter de l’engrais naturel et retirer les feuilles mortes.
Sarriette,1,Préparer le sol,Choisir un sol riche et bien drainé pour une croissance optimale.
Sarriette,2,Planter la graine,Planter la graine à une profondeur adaptée et arroser légèrement.
Sarriette,3,Arroser régulièrement,Maintenir une humidité constante sans excès d’eau.
Sarriette,4,Apporter de la lumière,"Placer la plante dans un endroit bien éclairé, sans soleil direct excessif."
Sarriette,5,Entretenir et fertiliser,Ajouter de l’engrais naturel et retirer les feuilles mortes.
Chèvrefeuille,1,Préparer le sol,Choisir un sol riche et bien drainé pour une croissance optimale.
Chèvrefeuille,2,Planter la graine,Planter la graine à une profondeur adaptée et arroser légèrement.
Chèvrefeuille,3,Arroser régulièrement,Maintenir une humidité constante sans excès d’eau.
Chèvrefeuille,4,Apporter de la lumière,"Placer la plante dans un endroit bien éclairé, sans soleil direct excessif."
Chèvrefeuille,5,Entretenir et fertiliser,Ajouter de l’engrais naturel et retirer les feuilles mortes.
Coquelicot,1,Préparer le sol,Choisir un sol riche et bien drainé pour une croissance optimale.
Coquelicot,2,Planter la graine,Planter la graine à une profondeur adaptée et arroser légèrement.
Coquelicot,3,Arroser régulièrement,Maintenir une humidité constante sans excès d’eau.
Coquelicot,4,Apporter de la lumière,"Placer la plante dans un endroit bien éclairé, sans soleil direct excessif."
Coquelicot,5,Entretenir et fertiliser,Ajouter de l’engrais naturel et retirer les feuilles mortes.
Bleuet,1,Préparer le sol,Choisir un sol riche et bien drainé pour une croissance optimale.
Bleuet,2,Planter la graine,Planter la graine à une profondeur adaptée et arroser légèrement.
Bleuet,3,Arroser régulièrement,Maintenir une humidité constante sans excès d’eau.
Bleuet,4,Apporter de la lumière,"Placer la plante dans un endroit bien éclairé, sans soleil direct excessif."
Bleuet,5,Entretenir et fertiliser,Ajouter de l’engrais naturel et retirer les feuilles mortes.
Mimosa,1,Préparer le sol,Choisir un sol riche et bien drainé pour une croissance optimale.
Mimosa,2,Planter la graine,Planter la graine à une profondeur adaptée et arroser légèrement.
Mimosa,3,Arroser régulièrement,Maintenir une humidité constante sans excès d’eau.
Mimosa,4,Apporter de la lumière,"Placer la plante dans un endroit bien éclairé, sans soleil direct excessif."
Mimosa,5,Entretenir et fertiliser,Ajouter de l’engrais naturel et retirer les feuilles mortes.
Iris,1,Préparer le sol,Choisir un sol riche et bien drainé pour une croissance optimale.
Iris,2,Planter la graine,Planter la graine à une profondeur adaptée et arroser légèrement.
Iris,3,Arroser régulièrement,Maintenir une humidité constante sans excès d’eau.
Iris,4,Apporter de la lumière,"Placer la plante dans un endroit bien éclairé, sans soleil direct excessif."
Iris,5,Entretenir et fertiliser,Ajouter de l’engrais naturel et retirer les feuilles mortes.
Jacinthe,1,Préparer le sol,Choisir un sol riche et bien drainé pour une croissance optimale.
Jacinthe,2,Planter la graine,Planter la graine à une profondeur adaptée et arroser légèrement.
Jacinthe,3,Arroser régulièrement,Maintenir une humidité constante sans excès d’eau.
Jacinthe,4,Apporter de la lumière,"Placer la plante dans un endroit bien éclairé, sans soleil direct excessif."
Jacinthe,5,Entretenir et fertiliser,Ajouter de l’engrais naturel et retirer les feuilles mortes.
Glaïeul,1,Préparer le sol,Choisir un sol riche et bien drainé pour une croissance optimale.
Glaïeul,2,Planter la graine,Planter la graine à une profondeur adaptée et arroser légèrement.
Glaïeul,3,Arroser régulièrement,Maintenir une humidité constante sans excès d’eau.
Glaïeul,4,Apporter de la lumière,"Placer la plante dans un endroit bien éclairé, sans soleil direct excessif."
Glaïeul,5,Entretenir et fertiliser,Ajouter de l’engrais naturel et retirer les feuilles mortes.
Amaryllis,1,Préparer le sol,Choisir un sol riche et bien drainé pour une croissance optimale.
Amaryllis,2,Planter la graine,Planter la graine à une profondeur adaptée et arroser légèrement.
Amaryllis,3,Arroser régulièrement,Maintenir une humidité constante sans excès d’eau.
Amaryllis,4,Apporter de la lumière,"Placer la plante dans un endroit bien éclairé, sans soleil direct excessif."
Amaryllis,5,Entretenir et fertiliser,Ajouter de l’engrais naturel et retirer les feuilles mortes.
Anémone,1,Préparer le sol,Choisir un sol riche et bien drainé pour une croissance optimale.
Anémone,2,Planter la graine,Planter la graine à une profondeur adaptée et arroser légèrement.
Anémone,3,Arroser régulièrement,Maintenir une humidité constante sans excès d’eau.
Anémone,4,Apporter de la lumière,"Placer la plante dans un endroit bien éclairé, sans soleil direct excessif."
Anémone,5,Entretenir et fertiliser,Ajouter de l’engrais naturel et retirer les feuilles mortes.
Camélia,1,Préparer le sol,Choisir un sol riche et bien drainé pour une croissance optimale.
Camélia,2,Planter la graine,Planter la graine à une profondeur adaptée et arroser légèrement.
Camélia,3,Arroser régulièrement,Maintenir une humidité constante sans excès d’eau.
Camélia,4,Apporter de la lumière,"Placer la plante dans un endroit bien éclairé, sans soleil direct excessif."
Camélia,5,Entretenir et fertiliser,Ajouter de l’engrais naturel et retirer les feuilles mortes.
Cyclamen,1,Préparer le sol,Choisir un sol riche et bien drainé pour une croissance optimale.
Cyclamen,2,Planter la graine,Planter la graine à une profondeur adaptée et arroser légèrement.
Cyclamen,3,Arroser régulièrement,Maintenir une humidité constante sans excès d’eau.
Cyclamen,4,Apporter de la lumière,"Placer la plante dans un endroit bien éclairé, sans soleil direct excessif."
Cyclamen,5,Entretenir et fertiliser,Ajouter de l’engrais naturel et retirer les feuilles mortes.
Fuchsia,1,Préparer le sol,Choisir un sol riche et bien drainé pour une croissance optimale.
Fuchsia,2,Planter la graine,Planter la graine à une profondeur adaptée et arroser légèrement.
Fuchsia,3,Arroser régulièrement,Maintenir une humidité constante sans excès d’eau.
Fuchsia,4,Apporter de la lumière,"Placer la plante dans un endroit bien éclairé, sans soleil direct excessif."
Fuchsia,5,Entretenir et fertiliser,Ajouter de l’engrais naturel et retirer les feuilles mortes.
Gardenia,1,Préparer le sol,Choisir un sol riche et bien drainé pour une croissance optimale.
Gardenia,2,Planter la graine,Planter la graine à une profondeur adaptée et arroser légèrement.
Gardenia,3,Arroser régulièrement,Maintenir une humidité constante sans excès d’eau.
Gardenia,4,Apporter de la lumière,"Placer la plante dans un endroit bien éclairé, sans soleil direct excessif."
Gardenia,5,Entretenir et fertiliser,Ajouter de l’engrais naturel et retirer les feuilles mortes.
Hibiscus,1,Préparer le sol,Choisir un sol riche et bien drainé pour une croissance optimale.
Hibiscus,2,Planter la graine,Planter la graine à une profondeur adaptée et arroser légèrement.
Hibiscus,3,Arroser régulièrement,Maintenir une humidité constante sans excès d’eau.
Hibiscus,4,Apporter de la lumière,"Placer la plante dans un endroit bien éclairé, sans soleil direct excessif."
Hibiscus,5,Entretenir et fertiliser,Ajouter de l’engrais naturel et retirer les feuilles mortes.
Lilas,1,Préparer le sol,Choisir un sol riche et bien drainé pour une croissance optimale.
Lilas,2,Planter la graine,Planter la graine à une profondeur adaptée et arroser légèrement.
Lilas,3,Arroser régulièrement,Maintenir une humidité constante sans excès d’eau.
Lilas,4,Apporter de la lumière,"Placer la plante dans un endroit bien éclairé, sans soleil direct excessif."
Lilas,5,Entretenir et fertiliser,Ajouter de l’engrais naturel et retirer les feuilles mortes.
Lotus,1,Préparer le sol,Choisir un sol riche et bien drainé pour une croissance optimale.
Lotus,2,Planter la graine,Planter la graine à une profondeur adaptée et arroser légèrement.
Lotus,3,Arroser régulièrement,Maintenir une humidité constante sans excès d’eau.
Lotus,4,Apporter de la lumière,"Placer la plante dans un endroit bien éclairé, sans soleil direct excessif."
Lotus,5,Entretenir et fertiliser,Ajouter de l’engrais naturel et retirer les feuilles mortes.
Marguerite,1,Préparer le sol,Choisir un sol riche et bien drainé pour une croissance optimale.
Marguerite,2,Planter la graine,Planter la graine à une profondeur adaptée et arroser légèrement.
Marguerite,3,Arroser régulièrement,Maintenir une humidité constante sans excès d’eau.
Marguerite,4,Apporter de la lumière,"Placer la plante dans un endroit bien éclairé, sans soleil direct excessif."
Marguerite,5,Entretenir et fertiliser,Ajouter de l’engrais naturel et retirer les feuilles mortes.
Pâquerette,1,Préparer le sol,Choisir un sol riche et bien drainé pour une croissance optimale.
Pâquerette,2,Planter la graine,Planter la graine à une profondeur adaptée et arroser légèrement.
Pâquerette,3,Arroser régulièrement,Maintenir une humidité constante sans excès d’eau.
Pâquerette,4,Apporter de la lumière,"Placer la plante dans un endroit bien éclairé, sans soleil direct excessif."
Pâquerette,5,Entretenir et fertiliser,Ajouter de l’engrais naturel et retirer les feuilles mortes.
Primevère,1,Préparer le sol,Choisir un sol riche et bien drainé pour une croissance optimale.
Primevère,2,Planter la graine,Planter la graine à une profondeur adaptée et arroser légèrement.
Primevère,3,Arroser régulièrement,Maintenir une humidité constante sans excès d’eau.
Primevère,4,Apporter de la lumière,"Placer la plante dans un endroit bien éclairé, sans soleil direct excessif."
Primevère,5,Entretenir et fertiliser,Ajouter de l’engrais naturel et retirer les feuilles mortes.
Renoncule,1,Préparer le sol,Choisir un sol riche et bien drainé pour une croissance optimale.
Renoncule,2,Planter la graine,Planter la graine à une profondeur adaptée et arroser légèrement.
Renoncule,3,Arroser régulièrement,Maintenir une humidité constante sans excès d’eau.
Renoncule,4,Apporter de la lumière,"Placer la plante dans un endroit bien éclairé, sans soleil direct excessif."
Renoncule,5,Entretenir et fertiliser,Ajouter de l’engrais naturel et retirer les feuilles mortes.
Souci,1,Préparer le sol,Choisir un sol riche et bien drainé pour une croissance optimale.
Souci,2,Planter la graine,Planter la graine à une profondeur adaptée et arroser légèrement.
Souci,3,Arroser régulièrement,Maintenir une humidité constante sans excès d’eau.
Souci,4,Apporter de la lumière,"Placer la plante dans un endroit bien éclairé, sans soleil direct excessif."
Souci,5,Entretenir et fertiliser,Ajouter de l’engrais naturel et retirer les feuilles mortes.
Zinnia,1,Préparer le sol,Choisir un sol riche et bien drainé pour une croissance optimale.
Zinnia,2,Planter la graine,Planter la graine à une profondeur adaptée et arroser légèrement.
Zinnia,3,Arroser régulièrement,Maintenir une humidité constante sans excès d’eau.
Zinnia,4,Apporter de la lumière,"Placer la plante dans un endroit bien éclairé, sans soleil direct excessif."
Zinnia,5,Entretenir et fertiliser,Ajouter de l’engrais naturel et retirer les feuilles mortes.
Bromélia,1,Préparer le sol,Choisir un sol riche et bien drainé pour une croissance optimale.
Bromélia,2,Planter la graine,Planter la graine à une profondeur adaptée et arroser légèrement.
Bromélia,3,Arroser régulièrement,Maintenir une humidité constante sans excès d’eau.
Bromélia,4,Apporter de la lumière,"Placer la plante dans un endroit bien éclairé, sans soleil direct excessif."
Bromélia,5,Entretenir et fertiliser,Ajouter de l’engrais naturel et retirer les feuilles mortes.
Begonia rex,1,Préparer le sol,Choisir un sol riche et bien drainé pour une croissance optimale.
Begonia rex,2,Planter la graine,Planter la graine à une profondeur adaptée et arroser légèrement.
Begonia rex,3,Arroser régulièrement,Maintenir une humidité constante sans excès d’eau.
Begonia rex,4,Apporter de la lumière,"Placer la plante dans un endroit bien éclairé, sans soleil direct excessif."
Begonia rex,5,Entretenir et fertiliser,Ajouter de l’engrais naturel et retirer les feuilles mortes.
Calla,1,Préparer le sol,Choisir un sol riche et bien drainé pour une croissance optimale.
Calla,2,Planter la graine,Planter la graine à une profondeur adaptée et arroser légèrement.
Calla,3,Arroser régulièrement,Maintenir une humidité constante sans excès d’eau.
Calla,4,Apporter de la lumière,"Placer la plante dans un endroit bien éclairé, sans soleil direct excessif."
Calla,5,Entretenir et fertiliser,Ajouter de l’engrais naturel et retirer les feuilles mortes.
Dracaena,1,Préparer le sol,Choisir un sol riche et bien drainé pour une croissance optimale.
Dracaena,2,Planter la graine,Planter la graine à une profondeur adaptée et arroser légèrement.
Dracaena,3,Arroser régulièrement,Maintenir une humidité constante sans excès d’eau.
Dracaena,4,Apporter de la lumière,"Placer la plante dans un endroit bien éclairé, sans soleil direct excessif."
Dracaena,5,Entretenir et fertiliser,Ajouter de l’engrais naturel et retirer les feuilles mortes.
Ficus,1,Préparer le sol,Choisir un sol riche et bien drainé pour une croissance optimale.
Ficus,2,Planter la graine,Planter la graine à une profondeur adaptée et arroser légèrement.
Ficus,3,Arroser régulièrement,Maintenir une humidité constante sans excès d’eau.
Ficus,4,Apporter de la lumière,"Placer la plante dans un endroit bien éclairé, sans soleil direct excessif."
Ficus,5,Entretenir et fertiliser,Ajouter de l’engrais naturel et retirer les feuilles mortes.
Philodendron,1,Préparer le sol,Choisir un sol riche et bien drainé pour une croissance optimale.
Philodendron,2,Planter la graine,Planter la graine à une profondeur adaptée et arroser légèrement.
Philodendron,3,Arroser régulièrement,Maintenir une humidité constante sans excès d’eau.
Philodendron,4,Apporter de la lumière,"Placer la plante dans un endroit bien éclairé, sans soleil direct excessif."
Philodendron,5,Entretenir et fertiliser,Ajouter de l’engrais naturel et retirer les feuilles mortes.
Monstera,1,Préparer le sol,Choisir un sol riche et bien drainé pour une croissance optimale.
Monstera,2,Planter la graine,Planter la graine à une profondeur adaptée et arroser légèrement.
Monstera,3,Arroser régulièrement,Maintenir une humidité constante sans excès d’eau.
Monstera,4,Apporter de la lumière,"Placer la plante dans un endroit bien éclairé, sans soleil direct excessif."
Monstera,5,Entretenir et fertiliser,Ajouter de l’engrais naturel et retirer les feuilles mortes.
Pothos,1,Préparer le sol,Choisir un sol riche et bien drainé pour une croissance optimale.
Pothos,2,Planter la graine,Planter la graine à une profondeur adaptée et arroser légèrement.
Pothos,3,Arroser régulièrement,Maintenir une humidité constante sans excès d’eau.
Pothos,4,Apporter de la lumière,"Placer la plante dans un endroit bien éclairé, sans soleil direct excessif."
Pothos,5,Entretenir et fertiliser,Ajouter de l’engrais naturel et retirer les feuilles mortes.
Sansevieria,1,Préparer le sol,Choisir un sol riche et bien drainé pour une croissance optimale.
Sansevieria,2,Planter la graine,Planter la graine à une profondeur adaptée et arroser légèrement.
Sansevieria,3,Arroser régulièrement,Maintenir une humidité constante sans excès d’eau.
Sansevieria,4,Apporter de la lumière,"Placer la plante dans un endroit bien éclairé, sans soleil direct excessif."
Sansevieria,5,Entretenir et fertiliser,Ajouter de l’engrais naturel et retirer les feuilles mortes.
Schefflera,1,Préparer le sol,Choisir un sol riche et bien drainé pour une croissance optimale.
Schefflera,2,Planter la graine,Planter la graine à une profondeur adaptée et arroser légèrement.
Schefflera,3,Arroser régulièrement,Maintenir une humidité constante sans excès d’eau.
Schefflera,4,Apporter de la lumière,"Placer la plante dans un endroit bien éclairé, sans soleil direct excessif."
Schefflera,5,Entretenir et fertiliser,Ajouter de l’engrais naturel et retirer les feuilles mortes.
Croton,1,Préparer le sol,Choisir un sol riche et bien drainé pour une croissance optimale.
Croton,2,Planter la graine,Planter la graine à une profondeur adaptée et arroser légèrement.
Croton,3,Arroser régulièrement,Maintenir une humidité constante sans excès d’eau.
Croton,4,Apporter de la lumière,"Placer la plante dans un endroit bien éclairé, sans soleil direct excessif."
Croton,5,Entretenir et fertiliser,Ajouter de l’engrais naturel et retirer les feuilles mortes.
Calathea,1,Préparer le sol,Choisir un sol riche et bien drainé pour une croissance optimale.
Calathea,2,Planter la graine,Planter la graine à une profondeur adaptée et arroser légèrement.
Calathea,3,Arroser régulièrement,Maintenir une humidité constante sans excès d’eau.
Calathea,4,Apporter de la lumière,"Placer la plante dans un endroit bien éclairé, sans soleil direct excessif."
Calathea,5,Entretenir et fertiliser,Ajouter de l’engrais naturel et retirer les feuilles mortes.
